학번,이름,학과,학년,직전학기_평점,평균_출석률,과제_제출률,교수_상담_횟수,국가장학금_신청,수업_만족도,도서관_이용_횟수,등록금_납부_상태,다전공신청,모듈신청,비교과참여
20240001,김민수,컴퓨터공학과,1,4,85,55,0,O,4,1,완납,O,O,0
20240002,이영희,시각디자인학과,1,3.8,92,95,3,O,4.2,15,완납,O,O,3
20240003,박철수,경영학과,2,2.9,82,78,1,O,3.1,5,완납,O,O,1
20240004,최지혜,간호학과,3,4.1,98,99,4,O,4.5,22,완납,O,O,4
20240005,정우성,항만물류학과,1,1.2,50,40,0,X,1.5,0,미납,O,O,0
20240006,강동원,AI융합학과,2,3.5,88,90,2,O,3.8,12,완납,X,X,2
20240007,한지민,미디어커뮤니케이션학과,4,2.4,75,70,1,X,2.8,3,분납,O,O,1
20240008,송중기,컴퓨터공학과,3,4.3,96,98,5,O,4.7,30,완납,X,X,5
20240009,박보영,시각디자인학과,2,1.5,55,45,0,X,1.8,2,미납,O,O,0
20240010,공유,경영학과,1,3,85,82,2,O,3.4,8,완납,X,X,2
20240011,김태리,항만물류학과,3,2.1,68,60,1,X,2.3,4,분납,O,O,1
20240012,현빈,간호학과,2,4,94,96,3,O,4.4,18,완납,X,X,3
20240013,손예진,AI융합학과,1,1.9,62,50,0,X,2,1,분납,O,O,0
20240014,조정석,미디어커뮤니케이션학과,2,3.2,89,85,2,O,3.6,10,완납,X,X,2
20240015,아이유,컴퓨터공학과,4,4.4,99,100,6,O,4.9,45,완납,O,O,6
20240016,박서준,시각디자인학과,3,2.7,78,75,1,X,2.9,6,완납,O,O,1
20240017,김다미,경영학과,1,1.4,52,42,0,X,1.6,0,미납,X,X,0
20240018,최우식,항만물류학과,2,3.6,90,92,3,O,3.9,14,완납,X,X,3
20240019,수지,간호학과,3,2.2,70,65,1,X,2.4,3,분납,O,O,1
20240020,남주혁,AI융합학과,4,4.2,95,97,4,O,4.6,25,완납,X,X,4
20240021,이성경,미디어커뮤니케이션학과,1,1.7,60,52,0,X,1.9,2,미납,O,O,0
20240022,안효섭,컴퓨터공학과,2,3.3,86,88,2,O,3.5,9,완납,X,X,2
20240023,김세정,시각디자인학과,3,2.5,72,68,1,X,2.6,5,분납,O,O,1
20240024,차은우,경영학과,4,4.5,100,100,5,O,5,50,완납,X,X,5
20240025,문가영,항만물류학과,1,1.3,48,38,0,X,1.4,0,미납,O,O,0
20240026,황인엽,간호학과,2,3.7,91,93,3,O,4,16,완납,X,X,3
20240027,김소현,AI융합학과,3,2.8,80,76,2,O,3,7,완납,O,O,2
20240028,송강,미디어커뮤니케이션학과,1,4.1,97,98,4,O,4.5,28,완납,O,O,4
20240029,한소희,컴퓨터공학과,2,1.6,58,48,0,X,1.7,1,분납,O,O,0
20240030,이도현,시각디자인학과,3,3.4,87,89,2,O,3.7,11,완납,X,X,2
20240031,고민시,경영학과,4,2.3,74,66,1,X,2.5,4,분납,O,O,1
20240032,이진욱,항만물류학과,1,3.9,93,95,3,O,4.3,20,완납,X,X,3
20240033,권나라,간호학과,2,1.5,54,44,0,X,1.6,1,미납,O,O,0
20240034,박해진,AI융합학과,3,3.1,84,80,2,O,3.3,8,완납,X,X,2
20240035,조보아,미디어커뮤니케이션학과,4,2.6,76,72,1,X,2.7,5,완납,O,O,1
20240036,이동욱,컴퓨터공학과,1,4.2,96,97,4,O,4.6,26,완납,X,X,4
20240037,유인나,시각디자인학과,2,1.8,63,53,0,X,2.1,2,미납,O,O,0
20240038,김고은,경영학과,3,3.5,88,90,3,O,3.8,13,완납,X,X,3
20240039,정해인,항만물류학과,1,2,66,58,1,X,2.2,3,분납,O,O,1
20240040,지수,간호학과,4,4,94,95,4,O,4.4,21,완납,X,X,4
20240041,안보현,AI융합학과,2,1.4,51,41,0,X,1.5,0,미납,O,O,0
20240042,박민영,미디어커뮤니케이션학과,3,3.3,85,84,2,O,3.6,9,완납,X,X,2
20240043,서강준,컴퓨터공학과,1,2.9,81,77,2,O,3.1,6,완납,O,O,2
20240044,이재욱,시각디자인학과,4,3.8,92,94,3,O,4.2,19,완납,O,O,3
20240045,고아라,경영학과,2,1.2,49,39,0,X,1.3,0,미납,O,O,0
20240046,유연석,항만물류학과,3,3.6,89,91,3,O,3.9,15,완납,X,X,3
20240047,서현진,간호학과,1,2.4,73,69,1,X,2.5,4,분납,O,O,1
20240048,이준기,AI융합학과,2,4.3,98,99,5,O,4.8,35,완납,X,X,5
20240049,문채원,미디어커뮤니케이션학과,3,1.7,61,51,0,X,1.9,1,미납,O,O,0
20240050,송혜교,컴퓨터공학과,4,3.2,83,81,2,O,3.5,8,완납,X,X,2
20240051,장기용,시각디자인학과,1,2.2,69,64,1,X,2.4,3,분납,O,O,1
20240052,혜리,경영학과,2,3.9,93,94,3,O,4.3,22,완납,X,X,3
20240053,류준열,항만물류학과,3,1.5,56,46,0,X,1.7,1,미납,O,O,0
20240054,박신혜,간호학과,1,3,82,79,2,O,3.4,7,완납,X,X,2
20240055,이종석,AI융합학과,4,2.5,77,73,1,X,2.8,5,완납,O,O,1
20240056,한효주,미디어커뮤니케이션학과,2,4.4,99,100,5,O,4.9,40,완납,X,X,5
20240057,강하늘,컴퓨터공학과,3,1.3,47,37,0,X,1.4,0,미납,O,O,0
20240058,정소민,시각디자인학과,1,3.4,86,87,2,O,3.7,10,완납,X,X,2
20240059,김영대,경영학과,2,2.8,79,74,1,O,3,6,분납,O,O,1
20240060,김유정,항만물류학과,3,4.1,95,96,4,O,4.5,27,완납,O,O,4
20240061,여진구,간호학과,4,1.9,64,54,0,X,2,2,미납,O,O,0
20240062,신혜선,AI융합학과,1,3.5,87,88,3,O,3.8,12,완납,X,X,3
20240063,김정현,미디어커뮤니케이션학과,2,2.1,67,59,1,X,2.3,3,분납,O,O,1
20240064,서예지,컴퓨터공학과,3,4.2,97,98,4,O,4.7,33,완납,X,X,4
20240065,김수현,시각디자인학과,1,1.6,57,47,0,X,1.8,1,미납,O,O,0
20240066,서지혜,경영학과,2,3.1,84,83,2,O,3.2,7,완납,X,X,2
20240067,김남길,항만물류학과,3,2.6,75,71,1,X,2.9,5,완납,O,O,1
20240068,이하늬,간호학과,4,3.8,91,93,3,O,4.1,17,완납,X,X,3
20240069,조승우,AI융합학과,1,1.4,53,43,0,X,1.5,0,미납,O,O,0
20240070,배두나,미디어커뮤니케이션학과,2,3.6,89,91,3,O,3.9,14,완납,X,X,3
20240071,주지훈,컴퓨터공학과,3,2.4,71,67,1,X,2.6,4,분납,O,O,1
20240072,전지현,시각디자인학과,4,4.5,100,100,6,O,5,48,완납,X,X,6
20240073,하정우,경영학과,1,1.2,46,36,0,X,1.2,0,미납,O,O,0
20240074,김혜수,항만물류학과,2,3.3,85,86,2,O,3.6,9,완납,X,X,2
20240075,이정재,간호학과,3,2.7,78,75,1,X,2.7,6,완납,O,O,1
20240076,정우,AI융합학과,1,4,94,95,4,O,4.4,24,완납,X,X,4
20240077,마동석,미디어커뮤니케이션학과,2,1.8,62,52,0,X,2.1,2,분납,O,O,0
20240078,손석구,컴퓨터공학과,3,3.7,90,92,3,O,4,16,완납,X,X,3
20240079,임시완,시각디자인학과,4,2.3,74,63,1,X,2.5,4,분납,O,O,1
20240080,변요한,경영학과,1,4.3,98,99,5,O,4.8,36,완납,X,X,5
20240081,유아인,항만물류학과,2,1.5,55,45,0,X,1.6,1,미납,O,O,0
20240082,박정민,간호학과,3,3.2,83,81,2,O,3.5,8,완납,X,X,2
20240083,김성철,AI융합학과,1,2,65,56,1,X,2.2,3,분납,O,O,1
20240084,이상이,미디어커뮤니케이션학과,2,3.9,93,94,3,O,4.3,21,완납,X,X,3
20240085,안재홍,컴퓨터공학과,3,1.3,48,38,0,X,1.4,0,미납,O,O,0
20240086,천우희,시각디자인학과,4,3.4,87,88,2,O,3.7,11,완납,X,X,2
20240087,전여빈,경영학과,1,2.5,76,72,1,X,2.8,5,완납,O,O,1
20240088,공효진,항만물류학과,2,4.1,95,97,4,O,4.5,29,완납,X,X,4
20240089,류승룡,간호학과,3,1.7,59,49,0,X,1.9,1,미납,O,O,0
20240090,황정민,AI융합학과,4,3.5,88,89,3,O,3.8,13,완납,X,X,3
20240091,최민식,미디어커뮤니케이션학과,1,2.2,68,62,1,X,2.4,3,분납,O,O,1
20240092,설경구,컴퓨터공학과,2,4.4,99,100,5,O,4.9,42,완납,X,X,5
20240093,송강호,시각디자인학과,3,1.4,50,40,0,X,1.5,0,미납,O,O,0
20240094,이병헌,경영학과,4,3,81,80,2,O,3.3,7,완납,X,X,2
20240095,김윤석,항만물류학과,1,2.9,80,78,2,O,3.1,6,완납,O,O,2
20240096,조진웅,간호학과,2,3.8,92,94,3,O,4.2,19,완납,O,O,3
20240097,박희순,AI융합학과,3,1.6,54,44,0,X,1.7,1,미납,O,O,0
20240098,박성웅,미디어커뮤니케이션학과,4,3.6,90,91,3,O,4,15,완납,X,X,3
20240099,김무열,컴퓨터공학과,1,2.1,66,57,1,X,2.3,3,분납,O,O,1
20240100,진선규,시각디자인학과,2,4.2,96,98,4,O,4.6,31,완납,X,X,4
20240101,김도윤,컴퓨터공학과,1,2,68,62,1,X,2.2,3,분납,O,O,1
20240102,이서준,시각디자인학과,2,4,94,96,4,O,4.4,25,완납,X,X,4
20240103,박시우,경영학과,3,1.5,52,45,0,X,1.6,1,미납,O,O,0
20240104,최하준,간호학과,4,3.5,88,89,3,O,3.9,15,완납,X,X,3
20240105,정지호,항만물류학과,1,1.3,47,38,0,X,1.4,0,미납,O,O,0
20240106,강은우,AI융합학과,2,3.9,92,94,3,O,4.3,20,완납,X,X,3
20240107,조예준,미디어커뮤니케이션학과,3,2.4,74,68,1,X,2.6,4,분납,O,O,1
20240108,윤서우,컴퓨터공학과,4,4.5,100,100,6,O,5,48,완납,X,X,6
20240109,장유준,시각디자인학과,1,1.8,63,54,0,X,2,2,미납,O,O,0
20240110,임민재,경영학과,2,3.3,86,84,2,O,3.7,11,완납,X,X,2
20240111,한우진,항만물류학과,3,2.6,76,72,1,X,2.8,5,완납,O,O,1
20240112,오건우,간호학과,4,4.2,97,98,5,O,4.8,36,완납,X,X,5
20240113,서준혁,AI융합학과,1,1.4,50,42,0,X,1.5,0,미납,O,O,0
20240114,신서진,미디어커뮤니케이션학과,2,3,82,80,2,O,3.3,7,완납,X,X,2
20240115,권도현,컴퓨터공학과,3,2.8,80,75,2,O,3,6,분납,O,O,2
20240116,황선우,시각디자인학과,4,3.8,91,93,3,O,4.2,18,완납,O,O,3
20240117,안승현,경영학과,1,1.6,58,49,0,X,1.7,1,분납,O,O,0
20240118,송지훈,항만물류학과,2,3.6,90,92,3,O,4,16,완납,X,X,3
20240119,전동현,간호학과,3,2.2,70,64,1,X,2.4,3,분납,O,O,1
20240120,홍재현,AI융합학과,4,4.4,99,100,5,O,4.9,45,완납,X,X,5
20240121,고성민,미디어커뮤니케이션학과,1,1.2,46,36,0,X,1.3,0,미납,O,O,0
20240122,문시훈,컴퓨터공학과,2,3.4,87,88,2,O,3.8,12,완납,X,X,2
20240123,양준영,시각디자인학과,3,2.5,73,66,1,X,2.7,5,분납,O,O,1
20240124,손호준,경영학과,4,4.1,96,97,4,O,4.6,32,완납,X,X,4
20240125,배지원,항만물류학과,1,1.9,64,55,1,X,2.1,2,미납,O,O,1
20240126,조민석,간호학과,2,3.2,85,83,2,O,3.5,9,완납,X,X,2
20240127,백현준,AI융합학과,3,2.7,77,71,1,X,2.9,6,완납,O,O,1
20240128,허성훈,미디어커뮤니케이션학과,4,3.9,93,95,3,O,4.3,23,완납,X,X,3
20240129,남기훈,컴퓨터공학과,1,1.5,54,46,0,X,1.6,1,미납,O,O,0
20240130,심우빈,시각디자인학과,2,3.7,91,92,3,O,4.1,19,완납,X,X,3
20240131,노서준,경영학과,3,2.1,66,58,1,X,2.3,3,분납,O,O,1
20240132,하준서,항만물류학과,4,4.3,98,99,5,O,4.7,40,완납,X,X,5
20240133,곽민재,간호학과,1,1.7,60,51,0,X,1.9,1,미납,O,O,0
20240134,성지우,AI융합학과,2,3.1,83,81,2,O,3.4,8,완납,X,X,2
20240135,차은석,미디어커뮤니케이션학과,3,2.9,79,74,2,O,3.1,6,분납,O,O,2
20240136,주시현,컴퓨터공학과,4,3.5,88,90,3,O,3.9,14,완납,O,O,3
20240137,우도윤,시각디자인학과,1,1.3,49,40,0,X,1.4,0,미납,O,O,0
20240138,나예준,경영학과,2,3.8,92,94,3,O,4.2,21,완납,X,X,3
20240139,진시우,항만물류학과,3,2.3,71,65,1,X,2.5,4,분납,O,O,1
20240140,엄하준,간호학과,4,4,95,96,4,O,4.5,28,완납,X,X,4
20240141,지서우,AI융합학과,1,1.4,51,43,0,X,1.5,0,미납,O,O,0
20240142,채유준,미디어커뮤니케이션학과,2,3.3,85,86,2,O,3.6,10,완납,X,X,2
20240143,원지호,컴퓨터공학과,3,2.8,80,75,2,O,3,7,분납,O,O,2
20240144,천은우,시각디자인학과,4,4.2,97,99,5,O,4.8,38,완납,O,O,5
20240145,방서진,경영학과,1,1.6,56,48,0,X,1.7,1,분납,O,O,0
20240146,공도현,항만물류학과,2,3.6,89,91,3,O,4,17,완납,X,X,3
20240147,현선우,간호학과,3,2,67,61,1,X,2.2,3,미납,O,O,1
20240148,함승현,AI융합학과,4,3.9,94,95,4,O,4.4,26,완납,X,X,4
20240149,변지훈,미디어커뮤니케이션학과,1,1.2,45,35,0,X,1.3,0,미납,O,O,0
20240150,염동현,컴퓨터공학과,2,3.4,87,89,2,O,3.8,13,완납,X,X,2
20240151,여재현,시각디자인학과,3,2.6,75,70,1,X,2.8,5,완납,O,O,1
20240152,추성민,경영학과,4,4.4,99,100,5,O,4.9,46,완납,X,X,5
20240153,도경수,항만물류학과,1,1.8,63,55,1,X,2,2,미납,O,O,1
20240154,소지섭,간호학과,2,3.7,91,93,3,O,4.1,20,완납,X,X,3
20240155,석구윤,AI융합학과,3,2.4,72,67,1,X,2.6,4,분납,O,O,1
20240156,선동일,미디어커뮤니케이션학과,4,4.1,96,98,4,O,4.6,33,완납,X,X,4
20240157,설현아,컴퓨터공학과,1,1.5,53,44,0,X,1.6,1,미납,O,O,0
20240158,마동현,시각디자인학과,2,3.2,84,82,2,O,3.5,9,완납,X,X,2
20240159,길성준,경영학과,3,2.9,78,73,1,O,3.1,6,완납,O,O,1
20240160,주민경,항만물류학과,4,3.8,92,94,3,O,4.3,24,완납,O,O,3
20240161,연우진,간호학과,1,1.3,48,39,0,X,1.4,0,미납,O,O,0
20240162,금새록,AI융합학과,2,4,94,96,4,O,4.5,29,완납,X,X,4
20240163,육성재,미디어커뮤니케이션학과,3,2.2,69,63,1,X,2.4,3,분납,O,O,1
20240164,기안팔,컴퓨터공학과,4,4.3,98,100,5,O,4.8,42,완납,X,X,5
20240165,반하나,시각디자인학과,1,1.9,65,56,1,X,2.1,2,미납,O,O,1
20240166,범규진,경영학과,2,3.5,88,90,3,O,3.9,15,완납,X,X,3
20240167,옥택연,항만물류학과,3,2.7,76,71,1,X,2.9,6,완납,O,O,1
20240168,평온한,간호학과,4,4.2,97,98,5,O,4.7,37,완납,X,X,5
20240169,간미연,AI융합학과,1,1.4,52,43,0,X,1.5,0,미납,O,O,0
20240170,갈소원,미디어커뮤니케이션학과,2,3,81,79,2,O,3.3,7,완납,X,X,2
20240171,경수진,컴퓨터공학과,3,2.5,74,68,1,X,2.7,5,분납,O,O,1
20240172,계범주,시각디자인학과,4,3.6,90,92,3,O,4.1,19,완납,X,X,3
20240173,구혜선,경영학과,1,1.6,57,48,0,X,1.8,1,분납,O,O,0
20240174,국가비,항만물류학과,2,3.3,85,85,2,O,3.6,10,완납,X,X,2
20240175,궁금해,간호학과,3,2.1,65,60,1,X,2.3,3,미납,O,O,1
20240176,탁재훈,AI융합학과,4,3.9,93,95,4,O,4.4,27,완납,X,X,4
20240177,탄우진,미디어커뮤니케이션학과,1,1.2,47,37,0,X,1.3,0,미납,O,O,0
20240178,태연희,컴퓨터공학과,2,3.4,87,88,2,O,3.8,14,완납,X,X,2
20240179,판유라,시각디자인학과,3,2.8,79,74,2,O,3,7,분납,O,O,2
20240180,팽현숙,경영학과,4,4.5,100,100,6,O,5,50,완납,O,O,6
20240181,편승엽,항만물류학과,1,1.7,61,52,0,X,1.9,1,미납,O,O,0
20240182,표예진,간호학과,2,3.1,83,82,2,O,3.4,8,완납,X,X,2
20240183,풍자와,AI융합학과,3,2.3,70,64,1,X,2.5,4,분납,O,O,1
20240184,피오라,미디어커뮤니케이션학과,4,4,95,97,4,O,4.5,30,완납,X,X,4
20240185,필구야,컴퓨터공학과,1,1.3,49,41,0,X,1.4,0,미납,O,O,0
20240186,하성운,시각디자인학과,2,3.8,92,93,3,O,4.2,22,완납,X,X,3
20240187,허영지,경영학과,3,2.6,77,72,1,X,2.8,5,완납,O,O,1
20240188,현아,항만물류학과,4,4.1,96,99,5,O,4.7,41,완납,X,X,5
20240189,형원이,간호학과,1,1.8,64,55,1,X,2,2,미납,O,O,1
20240190,호시형,AI융합학과,2,3.6,89,91,3,O,4,18,완납,X,X,3
20240191,홍진영,미디어커뮤니케이션학과,3,2,66,59,1,X,2.2,3,미납,O,O,1
20240192,황광희,컴퓨터공학과,4,4.3,98,99,5,O,4.8,43,완납,X,X,5
20240193,권지용,시각디자인학과,1,1.5,55,46,0,X,1.6,1,미납,O,O,0
20240194,동영배,경영학과,2,3.2,84,84,2,O,3.5,9,완납,X,X,2
20240195,최승현,항만물류학과,3,2.9,80,75,2,O,3.1,6,분납,O,O,2
20240196,강대성,간호학과,4,3.7,91,92,3,O,4.1,23,완납,O,O,3
20240197,이승현,AI융합학과,1,1.4,51,42,0,X,1.5,0,미납,O,O,0
20240198,박봄이,미디어커뮤니케이션학과,2,3.9,94,96,4,O,4.4,28,완납,X,X,4
20240199,산다라,컴퓨터공학과,3,2.4,73,67,1,X,2.6,4,분납,O,O,1
20240200,공민지,시각디자인학과,4,4.2,97,98,5,O,4.9,39,완납,X,X,5
20240201,김채원,경영학과,1,2.5,76,70,1,O,2.8,5,분납,O,O,1
20240202,사쿠라,항만물류학과,2,4,95,96,4,O,4.5,30,완납,O,O,4
20240203,허윤진,간호학과,3,1.6,58,49,0,X,1.7,1,미납,O,O,0
20240204,카즈하,AI융합학과,4,3.5,88,90,3,O,3.9,16,완납,X,X,3
20240205,홍은채,미디어커뮤니케이션학과,1,1.2,46,36,0,X,1.3,0,미납,O,O,0
20240206,장원영,컴퓨터공학과,2,3.9,93,95,3,O,4.3,25,완납,X,X,3
20240207,안유진,시각디자인학과,3,2.7,77,72,1,X,2.9,6,완납,O,O,1
20240208,가을이,경영학과,4,4.4,99,100,6,O,4.9,47,완납,X,X,6
20240209,레이나,항만물류학과,1,1.9,65,57,1,X,2.1,2,미납,O,O,1
20240210,이서현,간호학과,2,3.3,86,85,2,O,3.7,12,완납,X,X,2
20240211,민지영,AI융합학과,3,2.2,69,63,1,X,2.4,3,분납,O,O,1
20240212,하니양,미디어커뮤니케이션학과,4,4.1,96,98,4,O,4.6,35,완납,X,X,4
20240213,다니엘,컴퓨터공학과,1,1.4,50,42,0,X,1.5,0,미납,O,O,0
20240214,해린이,시각디자인학과,2,3,82,81,2,O,3.3,8,완납,X,X,2
20240215,혜인이,경영학과,3,2.8,80,75,2,O,3,7,분납,O,O,2
20240216,예지수,항만물류학과,4,3.8,91,93,3,O,4.2,20,완납,O,O,3
20240217,리아나,간호학과,1,1.7,60,51,0,X,1.9,1,미납,O,O,0
20240218,류진이,AI융합학과,2,3.6,89,92,3,O,4,19,완납,X,X,3
20240219,채령이,미디어커뮤니케이션학과,3,2,67,60,1,X,2.2,3,미납,O,O,1
20240220,유나킴,컴퓨터공학과,4,4.5,100,100,6,O,5,49,완납,X,X,6
20240221,나연이,시각디자인학과,1,1.3,48,40,0,X,1.4,0,미납,O,O,0
20240222,정연우,경영학과,2,3.4,87,89,2,O,3.8,15,완납,X,X,2
20240223,모모양,항만물류학과,3,2.5,74,68,1,X,2.7,5,분납,O,O,1
20240224,사나양,간호학과,4,3.9,94,95,4,O,4.4,29,완납,X,X,4
20240225,지효정,AI융합학과,1,1.5,54,45,0,X,1.6,1,미납,O,O,0
20240226,미나강,미디어커뮤니케이션학과,2,3.2,84,83,2,O,3.5,10,완납,X,X,2
20240227,다현김,컴퓨터공학과,3,2.9,79,74,2,O,3.1,6,분납,O,O,2
20240228,채영손,시각디자인학과,4,4.3,98,99,5,O,4.8,44,완납,O,O,5
20240229,쯔위주,경영학과,1,1.8,63,54,0,X,2,2,미납,O,O,0
20240230,태일문,항만물류학과,2,3.7,90,92,3,O,4.1,24,완납,X,X,3
20240231,자니서,간호학과,3,2.3,71,65,1,X,2.5,4,분납,O,O,1
20240232,태용이,AI융합학과,4,4,95,97,4,O,4.5,32,완납,X,X,4
20240233,유타나,미디어커뮤니케이션학과,1,1.4,52,44,0,X,1.5,0,미납,O,O,0
20240234,쿤이형,컴퓨터공학과,2,3.5,88,90,3,O,3.9,17,완납,X,X,3
20240235,도영김,시각디자인학과,3,2.6,76,71,1,X,2.8,5,완납,O,O,1
20240236,텐치타,경영학과,4,3.9,93,94,3,O,4.3,26,완납,X,X,3
20240237,재현정,항만물류학과,1,1.2,45,35,0,X,1.3,0,미납,O,O,0
20240238,윈윈동,간호학과,2,3.1,83,82,2,O,3.4,9,완납,X,X,2
20240239,정우김,AI융합학과,3,2.1,66,59,1,X,2.3,3,미납,O,O,1
20240240,루카스,미디어커뮤니케이션학과,4,4.2,97,99,5,O,4.7,39,완납,X,X,5
20240241,마크이,컴퓨터공학과,1,1.6,57,49,0,X,1.8,1,분납,O,O,0
20240242,샤오쥔,시각디자인학과,2,3.6,89,91,3,O,4,21,완납,X,X,3
20240243,헨드리,경영학과,3,2.4,73,67,1,X,2.6,4,분납,O,O,1
20240244,런쥔황,항만물류학과,4,4.1,96,98,4,O,4.6,36,완납,X,X,4
20240245,제노이,간호학과,1,1.9,64,56,1,X,2.1,2,미납,O,O,1
20240246,해찬이,AI융합학과,2,3.3,86,86,2,O,3.7,13,완납,X,X,2
20240247,재민나,미디어커뮤니케이션학과,3,2.7,78,73,1,X,2.9,6,완납,O,O,1
20240248,양양류,컴퓨터공학과,4,3.8,92,93,3,O,4.2,25,완납,X,X,3
20240249,쇼타로,시각디자인학과,1,1.3,49,41,0,X,1.4,0,미납,O,O,0
20240250,성찬정,경영학과,2,3,81,80,2,O,3.3,8,완납,X,X,2
20240251,최수빈,항만물류학과,3,2.2,68,62,1,X,2.4,3,분납,O,O,1
20240252,연준최,간호학과,4,4.4,99,100,5,O,4.9,48,완납,X,X,5
20240253,범규최,AI융합학과,1,1.7,61,53,0,X,1.9,1,미납,O,O,0
20240254,태현강,미디어커뮤니케이션학과,2,3.8,91,94,3,O,4.2,23,완납,X,X,3
20240255,휴닝카,컴퓨터공학과,3,2.5,75,69,1,X,2.7,5,분납,O,O,1
20240256,에스쿱,시각디자인학과,4,4,95,96,4,O,4.5,31,완납,X,X,4
20240257,정한윤,경영학과,1,1.4,53,44,0,X,1.5,0,미납,O,O,0
20240258,조슈아,항만물류학과,2,3.4,87,88,2,O,3.8,16,완납,X,X,2
20240259,준문준,간호학과,3,2.8,80,76,2,O,3,7,분납,O,O,2
20240260,호시권,AI융합학과,4,3.9,94,95,4,O,4.4,28,완납,O,O,4
20240261,원우전,미디어커뮤니케이션학과,1,1.5,55,47,0,X,1.6,1,미납,O,O,0
20240262,우지이,컴퓨터공학과,2,3.2,84,84,2,O,3.5,11,완납,X,X,2
20240263,도겸이,시각디자인학과,3,2,67,61,1,X,2.2,3,미납,O,O,1
20240264,민규김,경영학과,4,4.3,98,99,5,O,4.8,45,완납,X,X,5
20240265,디에잇,항만물류학과,1,1.2,46,37,0,X,1.3,0,미납,O,O,0
20240266,승관부,간호학과,2,3.7,90,92,3,O,4.1,27,완납,X,X,3
20240267,버논최,AI융합학과,3,2.6,77,72,1,X,2.8,5,완납,O,O,1
20240268,디노이,미디어커뮤니케이션학과,4,4.1,96,97,4,O,4.6,34,완납,X,X,4
20240269,방찬크,컴퓨터공학과,1,1.8,62,54,0,X,2,2,미납,O,O,0
20240270,리노이,시각디자인학과,2,3.5,88,89,3,O,3.9,18,완납,X,X,3
20240271,창빈서,경영학과,3,2.3,71,65,1,X,2.5,4,분납,O,O,1
20240272,현진황,항만물류학과,4,3.8,92,93,3,O,4.2,22,완납,X,X,3
20240273,한지성,간호학과,1,1.6,56,48,0,X,1.7,1,분납,O,O,0
20240274,필릭스,AI융합학과,2,3.3,86,87,2,O,3.6,12,완납,X,X,2
20240275,승민김,미디어커뮤니케이션학과,3,2.9,79,74,2,O,3.1,6,분납,O,O,2
20240276,아이엔,컴퓨터공학과,4,4.2,97,99,5,O,4.7,40,완납,O,O,5
20240277,김진우,시각디자인학과,1,1.3,48,40,0,X,1.4,0,미납,O,O,0
20240278,이승훈,경영학과,2,3.6,89,91,3,O,4,19,완납,X,X,3
20240279,송민호,항만물류학과,3,2.4,73,68,1,X,2.6,4,분납,O,O,1
20240280,강승윤,간호학과,4,4.5,100,100,6,O,5,50,완납,X,X,6
20240281,비아이,AI융합학과,1,1.9,65,58,1,X,2.1,2,미납,O,O,1
20240282,김진환,미디어커뮤니케이션학과,2,3.1,82,81,2,O,3.4,9,완납,X,X,2
20240283,송윤형,컴퓨터공학과,3,2.7,76,70,1,X,2.9,6,완납,O,O,1
20240284,구준회,시각디자인학과,4,3.9,93,95,3,O,4.3,28,완납,X,X,3
20240285,김동혁,경영학과,1,1.4,50,42,0,X,1.5,0,미납,O,O,0
20240286,정찬우,항만물류학과,2,3.4,87,88,2,O,3.8,14,완납,X,X,2
20240287,강다니,간호학과,3,2.1,66,60,1,X,2.3,3,미납,O,O,1
20240288,박지훈,AI융합학과,4,4,95,96,4,O,4.5,33,완납,X,X,4
20240289,이대휘,미디어커뮤니케이션학과,1,1.7,59,51,0,X,1.9,1,미납,O,O,0
20240290,김재환,컴퓨터공학과,2,3.2,85,84,2,O,3.5,10,완납,X,X,2
20240291,옹성우,시각디자인학과,3,2.5,74,69,1,X,2.7,5,분납,O,O,1
20240292,박우진,경영학과,4,3.8,91,93,3,O,4.1,21,완납,X,X,3
20240293,라이관,항만물류학과,1,1.2,47,38,0,X,1.3,0,미납,O,O,0
20240294,윤지성,간호학과,2,3.7,90,92,3,O,4.1,26,완납,X,X,3
20240295,황민현,AI융합학과,3,2.8,80,75,2,O,3,7,분납,O,O,2
20240296,배진영,미디어커뮤니케이션학과,4,4.3,98,99,5,O,4.8,46,완납,O,O,5
20240297,하성운,컴퓨터공학과,1,1.5,54,45,0,X,1.6,1,미납,O,O,0
20240298,한승우,시각디자인학과,2,3.5,88,90,3,O,3.9,16,완납,X,X,3
20240299,조승연,경영학과,3,2.2,68,62,1,X,2.4,3,분납,O,O,1
20240300,김우석,항만물류학과,4,4.1,96,97,4,O,4.7,38,완납,X,X,4
20240301,김요한,간호학과,1,1.8,63,55,0,X,2,2,미납,O,O,0
20240302,이한결,AI융합학과,2,3.3,86,85,2,O,3.6,13,완납,X,X,2
20240303,차준호,미디어커뮤니케이션학과,3,2.6,77,72,1,X,2.8,5,완납,O,O,1
20240304,손동표,컴퓨터공학과,4,3.9,94,95,4,O,4.4,29,완납,X,X,4
20240305,강민희,시각디자인학과,1,1.3,49,41,0,X,1.4,0,미납,O,O,0
20240306,이은상,경영학과,2,3,82,80,2,O,3.3,9,완납,X,X,2
20240307,송형준,항만물류학과,3,2.4,72,66,1,X,2.6,4,분납,O,O,1
20240308,남도현,간호학과,4,4.2,97,98,5,O,4.7,42,완납,X,X,5
20240309,이준영,AI융합학과,1,1.6,56,48,0,X,1.8,1,분납,O,O,0
20240310,필독이,미디어커뮤니케이션학과,2,3.6,89,90,3,O,4,20,완납,X,X,3
20240311,대원이,컴퓨터공학과,3,2,67,61,1,X,2.2,3,미납,O,O,1
20240312,마르코,시각디자인학과,4,3.8,92,94,3,O,4.2,23,완납,X,X,3
20240313,고호정,경영학과,1,1.4,51,43,0,X,1.5,0,미납,O,O,0
20240314,지한솔,항만물류학과,2,3.2,84,83,2,O,3.5,11,완납,X,X,2
20240315,김티모,간호학과,3,2.9,79,74,2,O,3.1,6,분납,O,O,2
20240316,찬정찬,AI융합학과,4,4.4,99,100,5,O,4.9,49,완납,O,O,5
20240317,기중이,미디어커뮤니케이션학과,1,1.9,64,57,1,X,2.1,2,미납,O,O,1
20240318,의진이,컴퓨터공학과,2,3.5,87,89,3,O,3.9,17,완납,X,X,3
20240319,제업이,시각디자인학과,3,2.5,75,70,1,X,2.7,5,분납,O,O,1
20240320,경하서,경영학과,4,4,95,97,4,O,4.5,35,완납,X,X,4
20240321,동명손,항만물류학과,1,1.2,46,37,0,X,1.3,0,미납,O,O,0
20240322,서명호,간호학과,2,3.1,83,81,2,O,3.4,9,완납,X,X,2
20240323,준문준,AI융합학과,3,2.3,70,64,1,X,2.5,4,분납,O,O,1
20240324,승우한,미디어커뮤니케이션학과,4,3.7,90,92,3,O,4.1,25,완납,X,X,3
20240325,민수김,컴퓨터공학과,1,1.5,53,44,0,X,1.6,1,미납,O,O,0
20240326,진우김,시각디자인학과,2,3.4,86,88,2,O,3.8,15,완납,X,X,2
20240327,태민이,경영학과,3,2.7,78,73,1,X,2.9,6,완납,O,O,1
20240328,종현김,항만물류학과,4,4.1,96,98,4,O,4.6,37,완납,X,X,4
20240329,기범김,간호학과,1,1.7,59,50,0,X,1.9,1,미납,O,O,0
20240330,민호최,AI융합학과,2,3.3,85,86,2,O,3.6,12,완납,X,X,2
20240331,온유이,미디어커뮤니케이션학과,3,2.1,65,59,1,X,2.3,3,미납,O,O,1
20240332,카이김,컴퓨터공학과,4,4.3,98,99,5,O,4.8,47,완납,X,X,5
20240333,백현변,시각디자인학과,1,1.3,48,39,0,X,1.4,0,미납,O,O,0
20240334,찬열박,경영학과,2,3.6,89,90,3,O,4,21,완납,X,X,3
20240335,디오도,항만물류학과,3,2.8,80,76,2,O,3,7,분납,O,O,2
20240336,세훈오,간호학과,4,3.9,94,95,4,O,4.4,30,완납,O,O,4
20240337,수호김,AI융합학과,1,1.6,56,48,0,X,1.7,1,분납,O,O,0
20240338,시우민,미디어커뮤니케이션학과,2,3,81,80,2,O,3.3,10,완납,X,X,2
20240339,레이장,컴퓨터공학과,3,2.4,73,67,1,X,2.6,4,분납,O,O,1
20240340,첸김종,시각디자인학과,4,4.2,97,99,5,O,4.7,41,완납,X,X,5
20240341,엔차학,경영학과,1,1.4,52,43,0,X,1.5,0,미납,O,O,0
20240342,레오정,항만물류학과,2,3.5,88,89,3,O,3.9,18,완납,X,X,3
20240343,켄이재,간호학과,3,2.6,76,71,1,X,2.8,5,완납,O,O,1
20240344,라비김,AI융합학과,4,3.8,92,93,3,O,4.2,24,완납,X,X,3
20240345,홍빈이,미디어커뮤니케이션학과,1,1.8,63,55,1,X,2,2,미납,O,O,1
20240346,혁한상,컴퓨터공학과,2,3.2,84,82,2,O,3.5,11,완납,X,X,2
20240347,성규김,시각디자인학과,3,2.2,69,63,1,X,2.4,3,분납,O,O,1
20240348,동우장,경영학과,4,4,95,96,4,O,4.5,34,완납,X,X,4
20240349,우현남,항만물류학과,1,1.5,55,46,0,X,1.6,1,미납,O,O,0
20240350,성열이,간호학과,2,3.4,87,88,2,O,3.8,16,완납,X,X,2
20240351,엘김명,AI융합학과,3,2.9,81,76,2,O,3.1,6,분납,O,O,2
20240352,성종이,미디어커뮤니케이션학과,4,4.1,96,98,4,O,4.6,39,완납,O,O,4
20240353,두준윤,컴퓨터공학과,1,1.2,47,38,0,X,1.3,0,미납,O,O,0
20240354,요섭양,시각디자인학과,2,3.7,90,92,3,O,4.1,28,완납,X,X,3
20240355,기광이,경영학과,3,2.5,74,69,1,X,2.7,5,분납,O,O,1
20240356,동운손,항만물류학과,4,4.4,99,100,5,O,4.9,48,완납,X,X,5
20240357,용준형,간호학과,1,1.9,65,57,1,X,2.1,2,미납,O,O,1
20240358,현승장,AI융합학과,2,3.3,86,85,2,O,3.6,13,완납,X,X,2
20240359,은광서,미디어커뮤니케이션학과,3,2,66,60,1,X,2.2,3,미납,O,O,1
20240360,민혁이,컴퓨터공학과,4,3.9,93,95,3,O,4.3,27,완납,X,X,3
20240361,창섭이,시각디자인학과,1,1.4,50,42,0,X,1.5,0,미납,O,O,0
20240362,현식임,경영학과,2,3.1,83,81,2,O,3.4,9,완납,X,X,2
20240363,프니엘,항만물류학과,3,2.7,77,72,1,X,2.9,6,완납,O,O,1
20240364,일훈정,간호학과,4,4.3,98,99,5,O,4.8,44,완납,X,X,5
20240365,성재육,AI융합학과,1,1.7,60,52,0,X,1.9,1,미납,O,O,0
20240366,용국방,미디어커뮤니케이션학과,2,3.6,89,91,3,O,4,20,완납,X,X,3
20240367,힘찬김,컴퓨터공학과,3,2.3,71,65,1,X,2.5,4,분납,O,O,1
20240368,대현정,시각디자인학과,4,4,95,97,4,O,4.5,33,완납,X,X,4
20240369,영재유,경영학과,1,1.3,48,39,0,X,1.4,0,미납,O,O,0
20240370,종업문,항만물류학과,2,3.5,88,89,3,O,3.9,17,완납,X,X,3
20240371,젤로최,간호학과,3,2.6,75,70,1,X,2.8,5,완납,O,O,1
20240372,엔조이,AI융합학과,4,3.8,92,93,3,O,4.2,22,완납,X,X,3
20240373,지코우,미디어커뮤니케이션학과,1,1.5,54,46,0,X,1.6,1,미납,O,O,0
20240374,태일이,컴퓨터공학과,2,3.2,85,84,2,O,3.5,12,완납,X,X,2
20240375,비범이,시각디자인학과,3,2.4,73,67,1,X,2.6,4,분납,O,O,1
20240376,재효안,경영학과,4,4.1,96,98,4,O,4.7,40,완납,X,X,4
20240377,유권김,항만물류학과,1,1.6,57,48,0,X,1.8,1,분납,O,O,0
20240378,박경이,간호학과,2,3.4,87,88,2,O,3.8,15,완납,X,X,2
20240379,피오표,AI융합학과,3,2.1,68,62,1,X,2.3,3,미납,O,O,1
20240380,캡방민,미디어커뮤니케이션학과,4,3.9,94,95,3,O,4.4,29,완납,X,X,3
20240381,천지이,컴퓨터공학과,1,1.8,62,54,0,X,2,2,미납,O,O,0
20240382,엘조이,시각디자인학과,2,3,82,80,2,O,3.3,8,완납,X,X,2
20240383,니엘안,경영학과,3,2.8,79,74,2,O,3,7,분납,O,O,2
20240384,리키유,항만물류학과,4,4.2,97,99,5,O,4.7,43,완납,O,O,5
20240385,창조최,간호학과,1,1.2,46,36,0,X,1.3,0,미납,O,O,0
20240386,동현김,AI융합학과,2,3.3,86,85,2,O,3.6,14,완납,X,X,2
20240387,현성심,미디어커뮤니케이션학과,3,2.2,69,63,1,X,2.4,3,분납,O,O,1
20240388,정민이,컴퓨터공학과,4,3.8,91,93,3,O,4.2,21,완납,X,X,3
20240389,영민조,시각디자인학과,1,1.4,51,43,0,X,1.5,0,미납,O,O,0
20240390,광민조,경영학과,2,3.7,90,92,3,O,4.1,26,완납,X,X,3
20240391,민우노,항만물류학과,3,2.5,74,68,1,X,2.7,5,분납,O,O,1
20240392,세용김,간호학과,4,4.4,99,100,5,O,4.9,47,완납,X,X,5
20240393,인수강,AI융합학과,1,1.7,59,51,0,X,1.9,1,미납,O,O,0
20240394,준큐강,미디어커뮤니케이션학과,2,3.5,88,90,3,O,3.9,19,완납,X,X,3
20240395,채진석,컴퓨터공학과,3,2.9,81,75,2,O,3.1,6,분납,O,O,2
20240396,건우이,시각디자인학과,4,4,95,96,4,O,4.5,35,완납,O,O,4
20240397,필독오,경영학과,1,1.3,49,41,0,X,1.4,0,미납,O,O,0
20240398,바람영,항만물류학과,2,3.2,84,83,2,O,3.5,10,완납,X,X,2
20240399,래환김,간호학과,3,2.7,77,72,1,X,2.9,6,완납,O,O,1
20240400,성학정,AI융합학과,4,4.3,98,99,5,O,4.8,46,완납,X,X,5
20240401,주드김,미디어커뮤니케이션학과,1,1.5,55,47,0,X,1.6,1,미납,O,O,0
20240402,희철김,컴퓨터공학과,2,3.6,89,91,3,O,4,22,완납,X,X,3
20240403,강인이,시각디자인학과,3,2.4,72,67,1,X,2.6,4,분납,O,O,1
20240404,신동이,경영학과,4,3.9,93,95,3,O,4.4,29,완납,X,X,3
20240405,성민이,항만물류학과,1,1.2,45,35,0,X,1.3,0,미납,O,O,0
20240406,은혁이,간호학과,2,3.1,83,82,2,O,3.4,9,완납,X,X,2
20240407,동해이,AI융합학과,3,2,66,60,1,X,2.2,3,미납,O,O,1
20240408,시원이,미디어커뮤니케이션학과,4,4.1,96,98,4,O,4.6,37,완납,X,X,4
20240409,려욱김,컴퓨터공학과,1,1.6,57,48,0,X,1.8,1,분납,O,O,0
20240410,규현조,시각디자인학과,2,3.4,87,88,2,O,3.8,15,완납,X,X,2
20240411,한경이,경영학과,3,2.6,76,71,1,X,2.8,5,완납,O,O,1
20240412,기범김,항만물류학과,4,3.8,91,93,3,O,4.2,20,완납,X,X,3
20240413,재중김,간호학과,1,1.4,52,43,0,X,1.5,0,미납,O,O,0
20240414,윤호정,AI융합학과,2,3.3,86,85,2,O,3.6,13,완납,X,X,2
20240415,유천박,미디어커뮤니케이션학과,3,2.2,68,62,1,X,2.4,3,분납,O,O,1
20240416,준수김,컴퓨터공학과,4,4.2,97,99,5,O,4.7,40,완납,X,X,5
20240417,창민심,시각디자인학과,1,1.8,63,55,1,X,2,2,미납,O,O,1
20240418,정수박,경영학과,2,3.5,88,89,3,O,3.9,18,완납,X,X,3
20240419,희철김,항만물류학과,3,2.5,74,68,1,X,2.7,5,분납,O,O,1
20240420,종운김,간호학과,4,4,95,96,4,O,4.5,33,완납,X,X,4
20240421,영운김,AI융합학과,1,1.3,48,40,0,X,1.4,0,미납,O,O,0
20240422,동희신,미디어커뮤니케이션학과,2,3,81,80,2,O,3.3,8,완납,X,X,2
20240423,성민이,컴퓨터공학과,3,2.8,80,75,2,O,3,7,분납,O,O,2
20240424,혁재이,시각디자인학과,4,4.4,99,100,5,O,4.9,48,완납,O,O,5
20240425,동해이,경영학과,1,1.5,54,46,0,X,1.6,1,미납,O,O,0
20240426,시원최,항만물류학과,2,3.2,85,84,2,O,3.5,11,완납,X,X,2
20240427,려욱김,간호학과,3,2.3,71,65,1,X,2.5,4,분납,O,O,1
20240428,기범김,AI융합학과,4,3.7,90,92,3,O,4.1,25,완납,X,X,3
20240429,규현조,미디어커뮤니케이션학과,1,1.9,65,56,1,X,2.1,2,미납,O,O,1
20240430,경훈민,컴퓨터공학과,2,3.6,89,90,3,O,4,19,완납,X,X,3
20240431,희준문,시각디자인학과,3,2.1,66,60,1,X,2.3,3,미납,O,O,1
20240432,우혁장,경영학과,4,4.1,96,98,4,O,4.6,38,완납,X,X,4
20240433,토니안,항만물류학과,1,1.4,50,42,0,X,1.5,0,미납,O,O,0
20240434,강타안,간호학과,2,3.3,86,85,2,O,3.7,14,완납,X,X,2
20240435,재원이,AI융합학과,3,2.9,79,74,2,O,3.1,6,분납,O,O,2
20240436,지원은,미디어커뮤니케이션학과,4,3.8,92,94,3,O,4.2,26,완납,O,O,3
20240437,재진이,컴퓨터공학과,1,1.7,59,51,0,X,1.9,1,미납,O,O,0
20240438,재덕김,시각디자인학과,2,3.1,82,81,2,O,3.4,9,완납,X,X,2
20240439,성훈강,경영학과,3,2.4,72,67,1,X,2.6,4,분납,O,O,1
20240440,수원장,항만물류학과,4,4.3,98,99,5,O,4.8,45,완납,X,X,5
20240441,지용고,간호학과,1,1.2,46,36,0,X,1.3,0,미납,O,O,0
20240442,승현허,AI융합학과,2,3.5,88,89,3,O,3.9,17,완납,X,X,3
20240443,성진박,미디어커뮤니케이션학과,3,2.7,77,71,1,X,2.9,6,완납,O,O,1
20240444,제이박,컴퓨터공학과,4,4,95,96,4,O,4.5,32,완납,X,X,4
20240445,영현강,시각디자인학과,1,1.6,57,48,0,X,1.8,1,분납,O,O,0
20240446,원필김,경영학과,2,3.4,87,88,2,O,3.8,16,완납,X,X,2
20240447,도운윤,항만물류학과,3,2.2,69,63,1,X,2.4,3,분납,O,O,1
20240448,준혁임,간호학과,4,3.9,94,95,4,O,4.4,28,완납,X,X,4
20240449,승진이,AI융합학과,1,1.3,49,41,0,X,1.4,0,미납,O,O,0
20240450,태영김,미디어커뮤니케이션학과,2,3.2,85,84,2,O,3.5,12,완납,X,X,2
20240451,형준송,컴퓨터공학과,3,2.5,74,68,1,X,2.7,5,분납,O,O,1
20240452,기범김,시각디자인학과,4,4.2,97,98,5,O,4.7,40,완납,X,X,5
20240453,진호조,경영학과,1,1.8,63,55,1,X,2,2,미납,O,O,1
20240454,후이이,항만물류학과,2,3,81,80,2,O,3.3,8,완납,X,X,2
20240455,홍석양,간호학과,3,2.8,80,75,2,O,3,7,분납,O,O,2
20240456,신원고,AI융합학과,4,3.8,91,93,3,O,4.2,23,완납,O,O,3
20240457,여원여,미디어커뮤니케이션학과,1,1.4,52,43,0,X,1.5,0,미납,O,O,0
20240458,옌안,컴퓨터공학과,2,3.6,89,90,3,O,4,20,완납,X,X,3
20240459,유토아,시각디자인학과,3,2,67,61,1,X,2.2,3,미납,O,O,1
20240460,키노강,경영학과,4,4.4,99,100,5,O,4.9,49,완납,X,X,5
20240461,우석정,항만물류학과,1,1.5,54,45,0,X,1.6,1,미납,O,O,0
20240462,관린라,간호학과,2,3.3,86,85,2,O,3.6,13,완납,X,X,2
20240463,선호유,AI융합학과,3,2.3,70,64,1,X,2.5,4,분납,O,O,1
20240464,호석정,미디어커뮤니케이션학과,4,4.1,96,98,4,O,4.6,36,완납,X,X,4
20240465,남준김,컴퓨터공학과,1,1.2,46,37,0,X,1.3,0,미납,O,O,0
20240466,석진김,시각디자인학과,2,3.5,88,89,3,O,3.9,17,완납,X,X,3
20240467,윤기민,경영학과,3,2.6,76,71,1,X,2.8,5,완납,O,O,1
20240468,지민박,항만물류학과,4,3.9,93,95,3,O,4.3,27,완납,X,X,3
20240469,태형김,간호학과,1,1.7,59,51,0,X,1.9,1,미납,O,O,0
20240470,정국전,AI융합학과,2,3.1,82,81,2,O,3.4,9,완납,X,X,2
20240471,수빈최,미디어커뮤니케이션학과,3,2.9,79,74,2,O,3.1,6,분납,O,O,2
20240472,연준최,컴퓨터공학과,4,4.5,100,100,6,O,5,50,완납,O,O,6
20240473,범규최,시각디자인학과,1,1.3,48,40,0,X,1.4,0,미납,O,O,0
20240474,태현강,경영학과,2,3.4,87,88,2,O,3.8,15,완납,X,X,2
20240475,휴닝카,항만물류학과,3,2.1,65,59,1,X,2.3,3,미납,O,O,1
20240476,희승이,간호학과,4,4,95,97,4,O,4.5,33,완납,X,X,4
20240477,제이박,AI융합학과,1,1.6,56,48,0,X,1.7,1,분납,O,O,0
20240478,제이크,미디어커뮤니케이션학과,2,3.2,85,84,2,O,3.5,11,완납,X,X,2
20240479,성훈박,컴퓨터공학과,3,2.7,77,72,1,X,2.9,6,완납,O,O,1
20240480,선우김,시각디자인학과,4,4.2,97,98,5,O,4.8,42,완납,X,X,5
20240481,정원양,경영학과,1,1.4,50,42,0,X,1.5,0,미납,O,O,0
20240482,니키니,항만물류학과,2,3.6,89,90,3,O,4,20,완납,X,X,3
20240483,건우김,간호학과,3,2.4,73,67,1,X,2.6,4,분납,O,O,1
20240484,경민조,AI융합학과,4,3.8,92,93,3,O,4.2,24,완납,X,X,3
20240485,윤규최,미디어커뮤니케이션학과,1,1.8,63,55,1,X,2,2,미납,O,O,1
20240486,현빈권,컴퓨터공학과,2,3,81,80,2,O,3.3,8,완납,X,X,2
20240487,지코우,시각디자인학과,3,2.2,68,62,1,X,2.4,3,분납,O,O,1
20240488,딘권혁,경영학과,4,4.3,98,99,5,O,4.8,45,완납,X,X,5
20240489,크러쉬,항만물류학과,1,1.5,55,47,0,X,1.6,1,미납,O,O,0
20240490,자이언,간호학과,2,3.5,88,89,3,O,3.9,18,완납,X,X,3
20240491,그레이,AI융합학과,3,2.8,80,75,2,O,3,7,분납,O,O,2
20240492,로꼬권,미디어커뮤니케이션학과,4,3.7,91,92,3,O,4.1,23,완납,O,O,3
20240493,쌈디정,컴퓨터공학과,1,1.2,45,36,0,X,1.3,0,미납,O,O,0
20240494,박재범,시각디자인학과,2,3.3,86,85,2,O,3.7,13,완납,X,X,2
20240495,이센스,경영학과,3,2.5,74,68,1,X,2.7,5,분납,O,O,1
20240496,스윙스,항만물류학과,4,4.1,96,98,4,O,4.6,38,완납,X,X,4
20240497,빈지노,간호학과,1,1.9,64,56,1,X,2.1,2,미납,O,O,1
20240498,도끼이,AI융합학과,2,3.9,94,95,4,O,4.4,29,완납,X,X,4
20240499,더콰이,미디어커뮤니케이션학과,3,2,67,61,1,X,2.2,3,미납,O,O,1
20240500,넉살이,컴퓨터공학과,4,4.4,99,100,5,O,4.9,49,완납,X,X,5
,,,,,,,,,,,,O,O,
